Date, Varilla corrugada, Estructuras," Nitrógeno, oxigeno y gas carbónico", Alambres de fierro y acero, Alambrón, Asfalto y mezclas asfálticas, Azulejos y losetas de cerámica, Barnices y lacas, Bloques y tabiques de concreto, Cal hidratada, Calentadores para agua, Cemento, Productos de alambre, Concreto premezclado, Alambres y cables con aislamiento, Vidrio plano, Otros productos químicos, Pinturas, Fibracel y tablero aglomerado, Ladrillos, Laminas y perfiles de plástico, Piezas metálicas fundidas y moldeadas, Productos de asbesto, Muebles y accesorios para baño, Válvulas para uso doméstico, Otros productos de hule, Maderas de pino y otras maderas, Otros productos de concreto, Perfiles de hierro y acero, Afinación y laminación de aluminio, Soldaduras, Triplay, Tubos y postes de hierro y acero, Tubos de cobre, Tubería de plástico, Válvulas para uso industrial, Impermeabilizantes, Lingote y plancha de acero, Calderas y hornos industriales, Transformadores, Focos y tubos de iluminación, Maquinaria y equipo especial para la construcción, Grúas fijas, Elevadores y montacargas, Tanques metálicos, Bombas, Camiones, Otra maquinaria agrícola, Motores eléctricos, Tractores agrícolas, Llantas neumáticas para automóviles y camionetas,ación de equipo de generación y distribución de energía eléctrica,"ación de equipo de aire acondicionado, calefacción y de refrigeración industrial y comercial", Gasolina, Diesel, Aceites lubricantes
1/31/2017,4.021225282,3.872364391,1.829240695,-0.7354614259,0.630597486,1.816043193,0,2.573653666,2.64260127,1.272795706,3.959477824,4.634767085,1.196429251,3.106395462,5.133802058,0.4088174247,2.541219886,3.518084784,1.737239049,3.32829549,0.5383098537,4.002190205,0.6829322119,0.6227963831,0.5021386006,2.650264983,3.786687597,1.999875276,3.363098827,5.495541283,3.404771638,4.695356306,2.177119568,4.957759225,2.072771276,5.869955604,2.99392508,3.643010189,4.318585096,0.7019675748,1.893699065,3.47081302,2.516696307,4.246657138,5.360292197,1.966850284,2.477179969,0.9626489085,0.2804729278,0,1.114637832,2.065407917,2.403152783,17.43854742,16.53590974,1.185940588
2/28/2017,1.376003483,-0.3902249797,3.894994085,1.881588423,0.9785869502,5.924378152,1.239489675,-0.1850650828,3.976943379,1.05583053,2.430048733,2.36543182,-1.066066237,3.74347766,0,-0.4657945602,1.440140478,-4.119926363,0.2612799696,0.6240057109,-0.5333366144,-4.29693273,-0.04396795058,-0.7027527807,1.688172372,-1.96727071,6.496649348,2.05185484,2.4396077,-2.920884212,-0.3932743292,1.311793637,1.252930349,0,1.519731918,2.553564887,2.177675006,3.395396515,-4.212326354,-0.7973060139,-1.972149224,-3.530057236,-2.659335707,-1.872545186,-0.1876687191,-2.279679805,-1.722977533,-0.6825221695,-0.5654173571,2.861878634,0.1944444787,-2.196053507,-2.071421503,-0.272850344,0.2914164952,0.690958641
3/31/2017,-0.8618323514,7.473399287,-0.4770978258,-0.8879849911,0.9962791232,1.222560037,-0.1304210045,-0.4321718676,0.5751280875,1.561636413,0,0.2260530183,-0.4051946125,-0.01452747628,-0.2368545857,-0.4902401723,-1.519318485,-1.251181654,4.379733855,0.971365579,4.796843772,-4.356581626,2.415405675,-0.3617371032,-0.3078900218,-2.118668146,0.09596153541,1.36665642,-0.5632039742,-1.72149907,-0.6852500259,3.98967851,-0.8217541491,0,0.2849913328,-1.960090605,2.019694223,8.587949546,-4.418452529,-0.7435928995,-2.073611376,-3.659061648,2.465731699,-4.320159741,-0.4447440437,-2.159269252,-2.58165113,4.348535321,-0.5950821025,4.152104185,-0.5493717021,-2.259171579,-1.820594176,-1.265303541,-0.6914720736,0.718905755
4/30/2017,-1.537769383,-0.5663024936,-0.4416329278,1.777123015,-0.426176622,1.213488016,0.276485934,-2.141211289,0.2379734136,1.371503995,0,-0.7136743602,-0.6490111708,0.2411438512,10.34096651,-0.356497717,-1.820498191,-0.9088590017,1.830383921,0,-0.0434339412,-3.195016873,-0.08553391381,-0.5054231276,-0.3912240683,-1.066578333,-0.9425021672,0.4781816317,-0.5270414858,-2.320449801,-0.9388721716,-1.242771879,0.5387390982,0,0.5183848581,-0.6893132363,0.003612750428,-2.890535008,-3.223545687,-0.00876691452,-1.510417985,-1.526780684,-1.920881345,-3.155203176,-0.8710416375,-1.816241489,-1.804018765,-1.414743079,3.277716403,0,1.496098645,1.411463203,-1.34618005,-0.2548241281,-0.3810780229,-0.5629129456
5/31/2017,-1.487911436,-7.561527126,0.6779082046,-0.02308562072,0.4911752149,0.4322018154,1.877451998,2.108426911,0.2487474831,0.9169510102,0,1.121910744,-0.01708142392,0.1807057616,4.101483838,0.02478183769,-0.8546008054,0.1943316067,1.173694304,0,0.2519940353,0.2239504255,0.08213919649,0.04403531618,3.024351604,0.09890519236,-0.2790516139,0.5790483945,-0.7747577233,0.5301487614,0.3145225056,-0.0969653919,2.440293533,0,0.06834184152,0.1838947619,0,-0.6054514884,0.244054924,0.04249489525,0.354904996,0.1963145482,0.1339054217,0.4384484824,0.05998655,0.1406320115,0.1590010245,0.0585528264,2.477013674,0,1.213131692,0.2906216109,0.01582511637,-0.5927154833,-0.739661624,0.6334808651
6/30/2017,-0.969353717,2.192620571,0.6977702137,2.337154938,-2.779576681,-1.033548511,0.6791640243,-1.588996719,0.2168827943,0.3443668926,1.835332911,0.1781557469,-0.1322696426,-0.1239883312,1.755604826,-0.3390275742,2.861534766,-1.039023818,0.2440126834,0,-0.4004603607,-3.016142006,-0.2808519652,-0.4591628387,-0.1989632556,-1.084671209,1.18452288,0.4600752849,-0.5899579287,-2.679155939,-0.7319280718,-0.9395262958,1.964142238,0,0.02134119801,-0.5851547897,0,-1.183001111,-3.061909992,-0.2832595089,-1.387518232,-2.644674012,-1.805046594,-2.924573972,-0.7019733113,-3.657809197,-1.811252172,-0.7898871643,-0.4116052951,0,0.2544688151,-1.439158467,-1.252878263,-0.6369835442,-1.060761361,2.573616651
7/31/2017,-2.294255632,-0.1537571658,-0.2466204342,2.028458619,-1.556679604,-2.434524505,-0.04714946125,-0.4030262962,7.545337843,0.1214127925,0,1.975005907,-0.9046511829,1.43206068,0,3.420516928,-1.17764161,-0.4977092491,-1.60657606,0,4.365382549,-1.741462516,-0.2973496461,0.6912431239,-0.183090344,-0.1580718985,-0.3615228035,0.2408242978,-1.855620111,-1.742741814,-0.6483474187,-1.516899909,-0.5392014721,0.4803377976,0.2836085442,2.076507754,0,-0.7735511262,-1.770881136,-0.334506002,-0.8001540466,-1.523013954,-1.03060133,-0.3266798421,-0.3786223694,-0.9148485078,-1.065502867,-0.4463757195,-0.2370575035,0,-0.09296490038,-0.9132596201,-0.7070284104,-0.5269406031,-0.7503851839,-0.3571993647
8/31/2017,0.2087368524,-3.935963184,-0.04230526783,-0.04765074197,-0.9292405151,-1.703860316,-0.01744170313,-2.358337938,0.0781847232,0.3593383737,1.441995072,0.1768284028,-0.3149787375,1.522067106,0,2.398870936,0.6074979437,-0.1052639004,0.5479507837,0,0.6701824119,-0.2747806872,0.160326634,-0.03154491078,-0.01851184427,-0.3280491582,-0.04173619939,0.2004674394,-0.04547125071,0.5519595395,-0.07038973586,0.1985028896,0.1760181272,0,-0.02841873411,0.2654461341,0,-2.647780415,-0.2564043685,-0.04816428763,-0.1194151726,-0.219960851,-0.1477982738,-0.01625077096,0.2990067277,-1.215925151,0.4759995208,-0.06377048865,-0.03411876722,0,0.8259235343,-0.09326403068,-0.1718706416,0.4062884221,-0.3899604738,-0.2412841246
9/30/2017,0.5236027803,-0.6994942077,-0.06902521652,-3.820807708,0.4442080755,1.540646396,-0.2351509615,-0.05597237205,0.2231064622,0.0939867369,0,-0.06280009907,0.03948206741,0.06270164223,0.2737127598,-0.001219168516,-0.3448829906,1.313206892,2.273278523,0,-0.2203306758,0.06174389442,-0.009958001766,0.01445067636,1.353219069,-0.1462722292,-1.289264101,0.3959663274,-0.08127035,1.428273108,-1.707883588,-0.6831764873,-0.7546208939,7.160386707,0.06425315,0.5286000105,2.904738836,-1.539232129,2.115941748,-0.00209051598,-0.005184748996,-0.009552374469,-0.009030504075,0.05132300117,0.02730869612,0.2463029181,-0.0106398003,-0.002765071736,-0.001480786667,0,-0.001357675088,-0.005703848477,0.1730079368,1.447930505,1.439510515,-1.095826184
10/31/2017,-0.3529696266,2.192416978,0.1585744739,0.9054624696,0.5834422889,0.4031667195,0.1350155692,2.335159523,0.4566327041,0.1609609078,0,-1.815429039,0.530755117,0.2675434302,8.12606642,0.9977102398,1.834637251,1.746019415,-0.6660218745,0,1.738120665,4.648017448,0.8127859825,0.6690879954,0.3901710239,2.978032267,0.5817712305,-0.07915105788,-0.272394202,5.822673827,1.316665518,0.6270452251,1.439915606,0,0.391922316,1.251621188,0.1594788321,1.978453335,4.788046354,0.8686533748,2.168986803,4.050626645,1.357232768,4.581035148,1.21810679,2.647006783,2.922834416,1.172432369,0.6145195926,0,1.055107144,2.404374336,2.17962577,0.8293210099,1.181277185,0.5068285335
11/30/2017,-0.7253931144,1.016079001,0,1.771745664,-1.782194351,4.658870846,0.01546629124,-0.3140288104,0.0149025573,0.3431844129,0,-0.8736753736,-0.2686953975,0.01803354471,0,0.5409077116,0.9480659717,0.088646308,0.07975639324,0.1180709708,0.3103139621,1.461719808,1.527847288,0.229445818,0.2050711695,0.8135372537,2.427966685,0.2576499328,2.125695734,0.687694188,0.4475109679,0.5291231288,0.9454791699,1.061811583,-0.000588520445,0.7521743627,0,0.1700221688,1.590654188,0.2887027671,0.7181073641,1.340561136,0.9037038333,1.477421544,0.4144157607,2.494613622,0.9249929184,0.3990568027,0.2044118016,0,0.1880471741,0.8023221397,0.6908410121,0.6900089854,0.6203542694,0.5378406693
12/31/2017,1.655440883,5.389525697,0.4199497024,7.14962975,1.722462416,-2.599661382,-0.07617088851,1.018715532,0.1897133636,0.9919264415,0,-1.3769892,0.9286077521,-0.01433575722,0,0.01262095717,0.1763307541,0.2174352904,-0.8836567233,0,-0.05463072262,0.1157089214,0.08509200789,0.02564795955,0.1683688764,0.05655253235,-0.1365230709,0.05210517625,0.8602767081,0.1768046655,0.03374456975,3.867614335,0.4339028626,0,-0.1354533096,-0.3086609249,0,-0.06334309481,0.1695400736,0.02164722701,0.05374427126,0.1001942298,0.06783571508,0.1057302854,0.03125932451,-0.511379538,0.2454236996,0.03010540519,1.754814338,0,0.2099384339,0.1845016902,-0.1454677797,0.7865950357,1.619478259,0.2646307969
1/31/2018,9.998178653,0.3834087829,-0.2017805841,3.501446509,5.737972981,8.988263476,-0.004786033843,1.000772342,1.523171878,0.7589231266,0,3.685024809,1.544739385,1.764504498,0,0.04591482954,0.1811385593,1.816798153,0.5627959601,2.111482865,0.0874698605,0.7978491318,0.6239050782,0.1728202493,-0.01178148674,0.3947066665,0.2701252125,0.6361010054,3.281728307,1.937932509,0.7847127596,-2.168396351,0.1108276687,0,-0.511019624,1.124752796,0.1279031011,-0.08528373436,0.4221324984,3.027447672,0.3043548944,0.3651164196,0.2472791354,0.6445502465,0.1139901764,0.3542119788,0.8298773766,0.8741125232,0.4524936241,0,0.5746673075,1.261620152,0.02104293421,3.084915692,3.698883199,0.8398652647
2/28/2018,4.114338286,2.25940046,0.54691346,-0.9560808331,4.331359833,-0.3090082419,0.5298897717,0.05584354189,0.5664417177,0.8221993407,-1.486670157,0.6686937347,-0.08755405277,0.7165024993,1.53247601,2.126924634,-1.246845549,1.682456576,5.184648155,0.3647673356,-0.3269617588,-2.348290113,-0.2952528703,-0.1316286441,1.460215132,-1.083366651,-0.289587371,2.201095911,2.009683058,-2.448751736,0.8641304115,1.324069299,3.875137989,2.628971922,1.807660563,-1.568760294,1.794163227,1.668237898,-2.448361947,-0.8593650023,-1.143581861,-2.118872594,-1.425829273,-0.8070499081,-0.6631761925,0.2052318117,-1.157450038,-0.6338899537,-0.3278294172,2.258897808,-0.3015882041,-1.43726256,-0.6926773287,4.197256482,2.41833295,-0.07529417723
3/31/2018,6.811753472,0.6655297474,0.1566236918,-0.0415235407,4.738640712,3.904203535,1.022306155,0.04666837884,2.751755605,-0.8975778842,0,-0.03782331002,1.403893768,0.1958078966,0,2.311965563,-1.166203681,0.08825764632,1.260490365,0.8566758964,0.2149836186,0.4920469786,0.1126283203,0.05262475191,0.02676320898,0.2612347096,1.240521167,1.033317076,2.429717439,1.44168255,0.06165907211,6.685066828,0.8515613989,0,0.07344529269,0.2735357552,0,0.1565901291,0.3726047306,-0.3648559283,0.1712111044,0.4729527808,0.3939340586,1.254826561,0.2067002984,0.3034675911,-0.1211837321,0.3983404219,0.04885727598,2.208998783,0.04490951671,0.03686537915,0.136121128,1.323330644,1.629608282,0.2306505112
4/30/2018,7.768697934,1.11023081,0.009428469724,1.765059823,6.516982,1.589678529,0.4957156787,-0.5508990355,0.3693255702,0.5438199102,3.474293686,-0.3387755286,0.5034951867,0.3878211338,0,0.6268943127,-0.3608584999,0.9089573382,-0.3778064226,0,0.6274465604,-1.537911284,0.3764904765,-0.0582675532,2.962533825,-0.797411891,1.26606241,0.596072865,2.80308105,2.367860389,-0.4865849051,-1.74971013,-0.08607569788,0.121051471,-0.1773773473,-0.9518003575,0,0.8085046428,-1.726817289,-0.325583273,-0.8056520968,-1.292874132,3.750426827,-1.702270191,3.502030064,-1.162779476,-0.3596251337,0.01873262636,-0.2307311399,0,-0.212018791,-0.8905037202,-0.6961338049,0.5312995711,0.4892748275,0.1708410265
5/31/2018,4.505955076,3.698438821,0.1825979707,2.519659352,2.938909414,7.320743452,0.1604738886,1.73541188,0.1591101532,1.924226291,0,1.436310485,1.071196503,0.3199728519,0,0.5874458298,2.082971542,0.564002899,0.09930700791,0,-2.033030059,5.490905803,0.93053287,0.799662416,0.3862335758,2.566084221,0,0.2376749568,2.660421997,10.62434737,1.814153671,1.176527462,3.505645972,0,0.8224738808,1.101489675,0.7686955352,7.965021211,5.517904775,1.122184125,2.703042263,4.733600162,3.043197169,5.800132808,1.429445086,3.06799354,3.394132121,1.386803056,0.7140307994,0,2.228973609,2.848296144,2.465594998,1.04969606,0.9215069086,2.316027078
6/30/2018,3.097594913,5.989969102,0.4294906289,3.547969769,7.155646259,6.921375343,0.1123638354,1.357452586,0.2684775377,0.6199019362,0.8973910662,0.2018627179,1.641895207,0.4449839064,2.292947109,1.290160729,1.3737286,1.261491404,-0.2544023124,0,0.6810065046,4.106043782,0.6966376985,1.159769007,0.3160434669,2.073984778,-0.3167960194,0.4742828847,4.33718809,4.031247074,1.85997247,-0.3378979437,1.598442787,0,0.5866230276,2.142660008,0.00215867119,7.910044538,6.397799194,0.767305117,1.914621343,3.615932269,2.519429892,4.185508945,6.327019755,2.394830475,2.442970391,1.094329507,0.5429016137,0,0.5011760707,2.181993789,4.357786195,1.432256451,1.041084237,1.364290007
7/31/2018,0.5423429974,0.1921409269,-0.2024050338,9.614065857,1.603437121,6.296041344,1.218263489,-0.9322377162,0.9013362826,0.3973356031,0,0.1713953316,0.5580797462,-0.4287386176,0,-0.5546762548,-1.32451805,-0.9209611399,3.725941596,0.6090919057,-0.7263796418,-4.762971075,-0.9134780598,-0.7964158222,-0.2466596081,-0.846078015,0.02274552328,0.646719255,0.6952619193,-7.190067056,-1.47191888,0.7520785075,-0.3214664448,0,0.3377203961,-1.85162047,0,9.423834575,-4.916824183,-0.9495381186,-2.339228529,-4.142095953,-2.748672671,-3.76168391,-1.079123691,-2.863872358,-2.826984914,-1.106863758,-0.6735246929,0,1.443231726,-2.627737278,-2.828750503,1.782206113,2.287500918,-0.3745190698
8/31/2018,-2.282804539,0.1141446964,-0.6151441246,0.1387025171,-1.250438707,3.413434205,0.2376141254,0.3460385834,0.1459307045,0.355435063,0,-1.000556807,-0.7092812418,0.3283544647,0,-0.2270087483,-0.6421184615,-0.4451882849,-4.046554199,0,-1.218620262,-2.022532154,-0.2563271078,-0.3019608827,-0.2974747938,-0.9035192757,0.1104070593,0.2743757224,-0.1234027359,-4.361363653,-0.5876486353,-0.6835079085,-0.6815743967,0,-0.2852078003,-1.363076729,0,-0.09014876633,-0.6647155888,-0.2607531556,-0.962188884,-1.698581189,0.8843059246,-2.066056315,-0.5235286411,-1.606057449,-0.9802937401,-0.5345754748,4.400013711,0,-0.0487308677,2.1257212,0.5931376919,2.669366022,2.468573385,0.4855238528
9/30/2018,-1.465336077,0.2215025426,0.3807776015,-0.2765416618,-0.7848799799,8.08160949,0.3884015687,1.10657542,0.1691533245,0.2366181693,1.444435238,-0.5251777466,-0.5591306902,0.4004540701,0,0.1247451628,0.4697648767,2.575729329,2.177427909,0,0.2494195611,1.126500625,0.194759952,0.3165537316,-0.03647766914,0.5176292871,0.3869738382,0.03575617063,-1.636814399,0.7069705873,-0.3858677496,0.2549242217,0.437200368,-0.4773444305,0.1031559856,-1.362315353,1.724580404,0.6149056784,-0.2677690104,1.182134409,0.5316379302,0.9879956221,0.6530644917,1.208739297,0.609707076,1.058224458,0.5848343544,0.293291248,0.1515861768,0,0.1396925505,1.107293007,0.8981990948,1.441129118,2.079750692,0.5345732788
10/31/2018,-1.912748516,-0.06144378968,-0.1844356372,-0.1406887479,1.098635193,-0.8408098421,0,0.04263850033,0.6242590433,0.2042652672,0,0.5789837028,0.3490455089,-0.3462617672,0,-0.005527615212,-0.01217160256,0.09488670595,-0.5268339732,0,0.313918864,-0.06150288378,0.02981635398,-0.005578440302,0.005449400526,0.03121315122,-0.5206249148,-0.07737250494,-0.9602202174,-0.3062538677,-0.005061449234,0.509940976,-0.1333246731,0,-0.02788567944,1.602162611,0,-0.002194261444,-0.05032809435,1.207439621,-0.02350946923,0.1804884059,-0.02893592198,-0.04629131005,0.01034103705,-0.02123261152,-0.01692009962,0.3868068256,-0.006716025109,0,-0.006191604818,0.4049643462,1.058528364,1.120637437,1.569526754,-0.2213763066
11/30/2018,-1.666163722,-1.860503794,0.6587376192,-1.590087643,-1.758915799,5.179111963,0,2.185731861,-0.07007420808,0.7999707732,0,0.3515259453,-0.3892303059,0.5601502949,0,0.626285158,2.762010747,2.244045132,1.879249303,0,7.729775846,5.854443667,0.9466857679,0.8976725926,0.2926715091,2.706401134,-0.2147867669,0.1715334108,0.8699923432,1.343817844,1.662159966,1.129058292,1.479765308,0,0.5637386758,2.961030307,0.02854581199,0.5968644812,5.9162427,1.07666257,2.692229229,5.069915807,3.369406262,5.36963074,1.704914741,4.67011689,2.953594791,1.539233104,0.7614440643,0,0.7030410578,0.9700243517,2.349258301,0.03585570929,0.9515167002,0.7200567928
12/31/2018,-0.9687224601,0.3885459472,0.04192402116,-0.01535472358,-0.4475243613,-0.02462669797,0,-0.9296770403,-0.09117275629,-0.5562983544,0,-1.591754837,-0.08355489106,0.006805112311,0,0.01733541919,0.8978341651,0.3956719283,0.4833086229,0,-0.0543410041,0.2309154416,0.02995612682,0.02479926172,0.01209492801,0.1523940879,0.05470821876,0.5663531473,-0.3904501566,0.2492275441,0.04682396425,-0.124418583,2.167326819,0.1448655428,-0.008037102923,0.05266499025,0,0.006886657713,0.1584935563,0.02973682171,0.07381560731,0.1381901402,0.09335037163,0.1453474423,0.04219994496,0.1310694131,0.08258227993,0.04326076693,0.02106266871,0,0.01948875285,0.02690216656,-0.02501143424,-1.197062222,-1.729430125,0.159001635
1/31/2019,0.5991236797,-0.3681989038,-0.249672082,-0.6723658153,0.5036344685,-3.494140715,1.87758316,-0.4335936778,0.248453265,-0.2122127261,0,-0.1123865335,0.2699298088,1.551073251,6.195427512,-0.4915677383,-1.799625379,1.956472433,0.001738587257,3.052446774,-0.492204246,-3.445115645,0.2756749546,-0.6154989257,-0.2070751023,1.825056729,1.197956164,0.7680771312,-0.1645374173,-7.381842078,-1.442427692,1.591270673,1.006378997,0,-0.5260763769,-1.382541463,2.943666825,-2.992377174,3.259267498,-0.8416943705,-2.075237438,-3.83391381,-2.591050339,-4.144283884,3.648033734,-2.884146524,-2.164252405,0.1754177239,-0.5969346625,0,-0.5517002152,-0.7575463344,-2.862559568,-1.963464996,-0.3313328509,-0.149087738
2/28/2019,-1.982010943,0.4716136682,-0.5350315168,-0.0963474686,-2.696287415,-2.698090242,0.1575692565,-1.205625512,2.657252442,0.1314445766,0.1904623198,2.854512198,0.1679044828,0.4623074264,1.877208383,-0.06747958825,0.2446834702,-0.1265655268,1.186228805,0.09368259117,-0.2739640756,-0.4574556571,-0.03546020573,-0.08839562478,-0.04487643904,-0.2214474384,0.1530879384,0.6478372529,-1.08698919,-0.8134988974,1.932057942,-0.5150026587,-0.8693437223,0,2.131330443,1.577480065,0,-0.02679737352,-0.6159804784,-0.1157193294,-0.2867489111,-0.5314014745,-0.1370610457,-0.5638483149,-0.1509080968,-0.5276357022,-0.3951029139,-0.1625456376,-0.6059488613,0,-0.07563168662,-0.1345818087,-0.1299505259,1.471447828,5.468205508,-0.2260732381
3/31/2019,-1.710361755,-0.0278325806,-0.05180580559,0.338198778,-2.105966609,-4.279780655,0,0.1186124633,0.3092071947,-0.3506867442,0,1.159198095,0.07439452146,-0.1782613507,0,0.04297749393,-0.1641898222,0.4034107679,0.6382188058,0.1403923636,0.1062706557,0.4539101266,0.1718895107,0.05603589518,0.8768681505,0.5778177284,0.4002098084,0.2453160214,-0.2395771571,1.00742744,0.5585332076,-0.1545296547,0.3399831074,-0.9642822981,0.05842466923,0.414474212,0.002122140394,0.01706146687,0.3940587707,1.182438005,0.1829549556,0.3832768175,0.2263113685,0.3605764156,0.1328181937,0.8601331072,0.06776966071,0.121229149,0.05222004773,0,0.9144729454,0.4461134649,-0.543761494,2.752287114,-3.278979641,0.7681762096
4/30/2019,-0.7003376635,0.9456964306,1.418004984,0.279593466,-0.01402609786,1.610880077,0,-0.323937928,0.4821757696,-0.01792637819,4.025802007,-1.708254255,-0.2351736107,0.3579063093,0,1.101425889,-0.5417187463,0.7914042704,0.3005420603,0,-0.06766786533,-1.014507787,-0.19083402,-0.15571565,0.09221193007,-0.06266005571,0.5950079251,0.4330036584,-0.8037700117,-1.393272179,-0.2949342923,-0.6945447993,-0.6172770169,0,-0.05321426243,-0.3451595713,0.01321719617,2.191196338,-1.0362531,-0.1950603075,-0.5703834463,-0.8933031222,-0.5961251991,-0.5952797284,-0.1934786282,-0.5843533163,0.413837223,-0.2749451252,0.2565344857,3.56,-0.1274695401,-0.1468390748,0.7036461281,-0.8707559907,0.7394710215,0.6786168635
5/31/2019,-0.918163486,0.07509275167,-0.3513832028,-0.4545470594,-0.6440333373,3.866905646,0,-0.2461510191,0.2357741267,0.3788131167,0,-0.3945074413,-0.6903412314,0.1042193476,0,1.368308796,-0.530931144,1.254160484,-0.5078318314,0,2.344828519,0.2519286357,0.04946770033,0.545317806,2.723634239,0.08431213224,0.7599601283,0.6838831935,-0.3417547503,-3.15393174,0.3292814982,0.7336440284,0.2668040949,0,0.07985434974,0.6703286725,0.005126870178,0.0110259579,0.1755069764,-0.01534627953,0.08158872511,0.1510777546,0.1005168426,2.069055427,1.794632475,0.1509089267,0.8921415472,1.078195011,3.02524456,-0.000000001722,0.08792846528,0.2299455777,-0.04295443072,-0.3384875938,-0.08992376499,0.06300015093
6/30/2019,-1.569530654,0.1293426487,1.715224782,-0.3663289731,-3.884268547,2.953423701,1.556761984,0.4776083156,0.3727246446,1.205675944,0,-1.264789064,1.502432771,0.05375089284,0,0.103577937,0.4125646942,1.156291704,2.109539467,0.407414207,0.8160939735,0.9309913657,0.1892223922,1.859298811,0.1042746538,0.4256454856,0.129933088,1.082770029,-0.2496759541,0.3948253333,0.2430336113,0.4555586131,0.2390538872,0,-0.07106124952,1.40046549,0,0.3696175283,0.951881126,1.763974625,0.441471771,0.8480212166,0.5455724089,0.8729707126,0.2270838251,1.293456076,-0.06365302378,0.2479708405,0.1258540201,0,2.247184372,0.7054719812,-0.003254558169,-0.6261335636,-1.929188496,0.1751835861
7/31/2019,-0.8426950009,0.1596978517,1.525983185,-0.4654069076,-1.092664928,-0.06178793909,0.000014684975,-0.2933518874,-0.1731320213,2.426272568,0,-0.8742208018,-0.7203313268,-0.09036828207,0,-0.1003137525,-0.3004920563,-0.2319101598,-0.01750781409,0.8898710719,-0.2744993654,-0.8943832271,0.8785459519,-0.1361164783,-0.0988921228,-0.01889565717,-0.06130387308,-0.2583313325,-0.7458922523,1.250740159,-0.2594601871,-0.8924363967,-0.4445210624,0,-0.1021333411,-0.5849417743,0,-0.09755863815,-0.9142623415,1.165335267,-0.4261435083,-0.7882804344,-0.3701921335,-0.8372013818,0.1096113755,-0.7167013341,0.6402701188,-0.2405610359,-0.1218611125,0,-0.1126547493,0.3117051688,-0.06368693772,0.2095085933,1.929144024,-0.4079267378
8/31/2019,-1.385590471,0.7654993193,-0.474051615,0.6927141379,-1.13239264,-1.209286941,0.4716170662,1.079844955,-0.04581067438,-0.3429698169,0,-0.233715516,-0.002169378269,0.1267865641,0,0.1553013,1.246676255,0.7742186205,-0.7892392986,0.4130989502,0.3435298883,1.808177379,0.3789212056,0.1651425645,-2.843403196,0.769740199,0.3141144012,-0.2669707867,-0.7962821408,-0.4718764938,0.37732851,-4.79924973,0.5741840765,3.379898746,0.190007242,0.2926274048,3.987113251,0.09355735554,1.291228217,0.3379453446,0,2.097879017,1.086195839,1.814136061,1.497012943,1.383739378,1.283431813,0.5783055329,0.3606683796,0.05328970809,0.2572493279,0.7416091386,1.237049897,-0.1876345017,0.2213303176,0.4124326538
9/30/2019,-2.38635098,-0.1546879318,1.507583955,-0.4929175973,1.689316373,1.407395272,0.612740309,0.7216400557,0.02425511685,-0.05581770815,0.7914465259,-0.4917056142,-0.4974777432,0.5222613876,0,-0.3959763021,0.897497459,0.1609711869,1.014204944,0,0.3257221176,0.5502370697,0.2550668205,0.3250822158,0.2677749709,0.2239072836,0.2489806932,-0.02628359775,-0.5339659152,0.3384837057,0.1031208028,1.143090361,0.0667372486,-0.1721138418,-0.001796156565,0.1586903641,0,-6.338385406,0.4194216657,0.3857770593,0,0.6386550338,0.3535378947,2.160162845,0.2402643869,0.36738413,0.774148411,0.1699781783,0.1167716589,0.017523936,0.08339276967,0.3905255447,0.3818898433,0.3449845021,1.23420084,0.1204337424
10/31/2019,-4.145447723,-0.5640521997,-0.2814709464,-1.049080395,-2.911322886,-0.7480660304,0,-0.1925940551,-0.04080714442,-0.1237101902,-0.6389145141,-0.26787106,-0.8339754636,-0.02051141436,1.864331633,-0.084800599,-0.8492996865,-0.2187922364,-0.8882736754,0.5152414164,0.07928495041,-0.8742951193,-0.1841897043,-0.08608020471,-0.3841581824,-0.311357013,-0.01672756402,0.2570820323,-1.709136108,-2.03140868,-0.1733006615,0.7184322756,-0.2386296747,-0.3904231054,0.04363191768,0.06562992992,0,-0.3096373555,-0.7026429565,1.014141145,0,-0.9940171507,-0.5926589345,-1.012782706,-0.344249315,-0.6535652036,-0.7256187228,-0.06653424993,-0.1966272889,-0.02947522384,-0.1171569622,0.3185453804,-0.7551816597,-0.6340834445,-1.317499639,-0.4859673314
11/30/2019,-1.708649971,-0.02689920238,-0.5922531751,-0.3102486693,-5.24893601,-0.8963656227,0,1.304949826,0.2588035414,-0.3201720092,0,0.1040623972,-0.05414780772,-0.01404946852,0,0.5663607687,-0.2054800066,-0.5097925088,0.1921550118,0.1981320015,-0.3539902195,-0.3900154138,-0.1833790599,-0.04610315878,-0.1221867664,-0.2599402651,0.000741981575,0.4669470723,-0.6727521,2.379369859,-0.6223573498,0.4200284498,0.01599631666,-0.1862182526,-0.05123773365,-0.3911778433,0,-0.3728736576,-0.2441251714,-0.07269680215,0,-1.236315835,-0.3330950586,-0.4951517285,-0.226471577,-0.3702082054,-0.4099737902,-0.1694709604,-0.1109664654,-0.01647278202,-0.07919592941,-0.1293036513,0.261858553,-0.3244734527,0.3792949605,-0.06536308137
12/31/2019,0.2913270124,-0.3744420573,0.5723958786,-4.680698267,2.454768491,-2.253212511,0,0.2674694904,0.2125468466,0.9452492061,0,0.9672001232,-0.05140933954,0.1377560723,0,-0.01941298426,0.9170677847,0.2622700558,-0.01234449514,0.06404522058,0.006338998923,-0.1958882247,-0.2801476621,-0.02064858997,-0.008266089986,-0.2168207367,0.009151038192,0.4215416143,-0.08240511692,-0.3696572767,-0.03564139332,0.3210229031,0.2876939459,-0.07103028611,-0.4014359451,0.2181473272,0,0.09538945492,-0.1503993453,-0.05122903533,-0.01088440253,0.05089942702,0.1988882246,0.3268623629,-0.03333922218,-0.30880466,0.006583305646,-0.06857532153,-0.04232809006,-0.006252361866,-0.03019746215,-0.01839908387,-0.1555600182,0.6450810383,1.738696138,-0.07542554731
1/31/2020,0.3084413888,0.376876028,-0.6180540273,-0.2374715507,-1.700586975,-2.656884676,0.4974625245,0.9664651704,0.3253951123,-0.03023670434,0,-0.1881185759,-0.1618106598,0.1194384308,2.845773138,0.6492909744,-0.5698030162,1.457851415,-0.3011700743,0.4954962471,-0.2707632308,-0.7873691934,-0.4466053185,0.2936790711,0.641982429,0.0943569474,-0.2297047467,0.544647132,0.4034172313,-1.268398256,-0.2875836362,0.3160411817,3.811423934,-0.6167015553,-0.1130587468,-0.7705776419,2.898952528,-9.210553464,-1.058563303,-0.2755202119,-0.03679486769,-1.852558412,-0.7462427551,-0.9181703571,-0.1596770283,-1.223701805,-1.081405878,-0.228872423,-0.3450501505,-0.05043429346,-0.1351867212,-0.675909739,-1.05425351,0.1210990214,-0.3411505999,0.4124598658
2/29/2020,3.060982692,-0.7236732828,-0.7173083857,-2.95242208,1.64690572,-0.1931020061,0.2814065139,0.885130551,0.7033690474,0.2463039055,0,2.110116106,0.9634606627,0.2707198937,-0.01248057281,-1.264095464,-0.3307998331,2.796974614,-1.226037582,0,0.04163807015,0.1073918576,0.04839678649,0.252178189,0.001810998915,0.1747611149,-0.1682350745,2.648588887,0.4392162852,-3.568438814,-0.04193342797,0.03892345847,0.1993226043,-0.08525772677,0.08199688495,0.3997072028,1.210662369,-11.43096757,-0.1785342398,0.2571197023,-0.005474865982,-0.8087392652,-0.1505768556,-0.2422733317,0.09539231264,0.3357989978,-0.01966470528,0.2777509789,1.01909253,1.005638325,-0.1860282837,0.189958463,-0.1721499674,-0.6574816926,-3.667900558,-0.06461525893
3/31/2020,2.673281018,3.382893508,1.035781729,4.423248582,4.70124089,1.252639055,0,2.36527655,0.2957353866,0.9391919449,0.5937638393,0.5505927435,1.209932528,0.4671296792,0,1.012774263,4.57089974,2.793027971,-0.07062447971,1.049465024,1.761774276,12.10845998,2.48848243,1.056809762,0.7903395059,4.990987409,0.2243990673,0.9934381637,0.2339598035,11.32036519,2.094103488,-0.2232064539,-1.951091607,3.918506198,1.114820124,3.151906529,-0.06171333943,-0.5998021903,8.615896104,2.294069408,0.2945900511,13.29574318,7.264664143,12.2480921,5.978619156,9.108998065,9.619173478,7.893252349,2.510141933,2.545923514,1.64787417,5.293646705,8.087541162,-10.04790439,-6.535826564,3.360252027
4/30/2020,4.86559778,4.381851452,4.249650131,3.069955587,8.011546395,7.296748845,0.7691268496,2.370555023,0.3635879772,0.2338277723,1.511532669,0.8237283596,0.8759834714,0.5968612814,2.354371865,1.365231188,4.393665089,2.750178796,0.1844642008,0,2.056068378,9.103334797,1.847119507,1.663628032,2.283838916,4.007115885,-0.3622719399,0.2155124342,3.361107495,2.495964015,1.722042101,-0.465933947,1.6130423,4.192641004,1.813621183,4.939329599,0.1254414658,0.6250106551,6.867812765,4.215205215,0.6577029983,10.15789026,4.905165466,8.721559575,6.253723693,6.885449955,6.664225538,3.084387275,1.75947826,0.2954205541,1.265563729,5.256164119,6.427557464,-19.00455585,-8.214173723,1.799494599
5/31/2020,0.7111163492,-0.09925142866,0.6537021542,-1.188240834,-0.5194077584,-5.859029272,0.21862706,0.4576771677,0.6149506473,0.4646770224,0,-0.7035906524,-0.01228735077,-0.0458745693,0,0.9146502456,1.986516157,0.2368165318,1.539245828,-0.06991113865,-0.2490612362,-1.350592041,-0.2751527098,-0.1538853634,-0.06140959243,-0.6500827199,0.000845357746,0.014823271,0.823850721,-1.622997464,-0.266764158,0.4450249139,0.03757991219,-0.4428839611,-0.1809799887,-0.356071298,0.1553446057,0.2095433963,-1.012675514,-0.2769418753,-0.1077495574,-1.448459746,-0.8807895568,-1.252402916,-0.3091379596,-1.065011056,-0.7989097902,-0.4934585077,3.876286461,-0.04641500354,-0.1896423391,0.4870900132,-0.9772839259,13.61466309,-2.259374535,-0.005841303885
6/30/2020,-1.893121689,-1.564821251,0,-2.051037213,-2.35009902,-4.596062009,-0.2327644355,-0.1171576526,-0.16339668,0.9446742733,0.857256985,-0.5400321408,-0.5678034869,-0.234572963,-0.2448685922,0.6412968465,-0.1043266777,1.423626561,0.2816800591,0,-1.282551946,-5.409337696,-1.135661729,-0.5521187297,-0.428012715,-2.247483963,0.000397812047,0.3040031936,-1.290366666,-1.205415303,-0.9436856984,-0.02839991454,-0.5554904992,0.2814851318,0.2801402052,-1.88311033,4.597928865,-0.3891612119,-4.066692692,-1.090072654,-0.1169451989,-5.661970992,-3.532359974,-5.057248844,-2.460317811,-4.103210253,-3.460040181,-1.60807504,-1.082522119,-0.1845910519,-0.7819160463,-2.395169746,-3.762624069,10.55528306,8.325402296,-0.7021476593
7/31/2020,-0.5989543172,1.002477236,-0.6145577254,1.037335462,0.112669788,-3.063368576,0.01595665515,1.49798564,0.1713659582,0.2439275563,0,0.2982541794,0.1392729599,-0.03372931595,0,0.295971923,-0.52736907,1.156687717,1.087262988,0.3292232874,0.7407905222,1.37037645,0.5349006221,0.136246607,0.06020120761,0.9677732754,0.001193431394,0.1674367694,-0.1455226306,5.489739307,0.2655028898,-1.459822678,0.2228099259,-0.5379945987,0.1564227846,0.5036670365,0.5664483286,17.81202009,1.040305007,0.1945499549,0.02045932722,1.519832049,0.8986116637,1.321592811,0.6298871801,1.027535605,1.130268673,0.4413277391,0.2744176233,0.04538389907,0.4305813991,0.5614127211,1.081744681,5.651236263,5.08715978,0.3267913204
8/31/2020,0.05436671759,-0.3910904074,-1.672832879,2.392036054,-0.4556607877,-2.094244771,0.6558280737,-0.1082496539,0.77609685,-0.04003838119,0.4661653171,1.031969057,-0.3519475711,0.2224814042,0.1300168654,-0.5873510081,-0.2691700627,0.152248946,-1.096826299,1.008139999,-0.9847010707,-1.14064908,0.909285128,-0.1165227361,-0.05152525128,-0.2603493419,-1.197264551,-0.002609554439,0.01498171776,3.200799426,-1.069119517,0.9178806602,-0.01766324769,0.0607706282,-0.1071443775,-0.4384357173,0,-0.4012125299,-0.8817436228,-0.1855603733,-0.02467889712,-1.282097327,-0.3415887116,-0.7761414245,-0.5711148087,-0.8900115595,-0.5048163775,-0.3808526042,-0.2341254595,-0.03884910668,-0.1684734026,-0.4880088471,-0.8215550359,-0.8671983693,-0.3209275936,0.1106241213
9/30/2020,1.727464086,1.017988967,-0.1179205921,0.3444746956,-1.72658691,-0.2389897103,0.2145216753,0.6326489969,-0.4834398768,-0.05632955314,0,0.1370412892,0.7140862133,0.7057609808,-0.4863311579,-0.3814225297,-1.077852141,0.2142776238,0.2173449872,0.3509568706,-0.3415104386,-1.739984011,-0.4700037536,-0.2186982805,-0.09664342104,-0.7966907495,1.443757358,0.3890922933,-1.439281352,-2.163420198,-0.4128895008,-0.5964294454,0.03308279669,0.04836422458,0.3636071219,-0.7307904962,0.174229023,0.2838339525,-1.667696515,-0.375362067,-0.05473584678,-2.434744663,-1.446445284,-2.126586196,-0.5449488975,-0.5478463182,-1.646044829,-0.7258701665,-0.2681544709,-0.07285814952,-0.3219827511,-0.9174135177,-1.632401199,-2.754993305,-5.81753459,-0.3795015202
10/31/2020,3.336757488,0.3391643732,0.127423972,0.1054098497,5.065757714,0.1690813284,0.508057698,0.3398721888,0.8362458852,-0.05338799853,0.4190492988,0.1074772321,0.3572888894,0.09850662569,0.679554539,1.348140497,-2.193543639,0.3246882437,0.05666030524,0.1299898997,0.8619260641,-0.6757284552,-0.06940123678,-0.06618669862,0.4300188292,0.122565868,-0.9349890273,0.1111041335,0.7634146936,1.879384371,-0.114562754,0.9681234917,-0.08394970671,-0.6497258784,-0.05979956584,0.07599649953,0.07740118343,0.04978798251,-0.5121478152,-0.1862434559,5.358708631,-0.753585881,-0.4432045726,-0.6586207036,-0.4325416168,-0.5228521069,-0.399518533,-0.2357071575,-0.1379757865,-0.02201755992,3.235741428,-0.3227264775,-1.360045644,0.4778821968,0.8086094704,0.4137246812
11/30/2020,3.873591394,0.9108672509,-0.969535832,-0.4150031968,3.437879808,-2.047487775,-0.7884475466,0.2397728072,-0.2720439267,0.2498227784,0.7358493923,-0.101414967,0.7575395242,-0.01432389598,-2.626294719,0.5519928361,-0.5023969199,-0.005725603752,0.07693644212,0.493546586,-0.7417436487,-2.835369651,-0.6686541523,-0.2993367702,-0.1314639896,-1.337401794,0.3937795539,0.7082884403,2.91478157,1.749601913,-0.566925969,2.570074721,-0.3795418932,-0.5743590969,0.6372987647,-1.119262234,0.3708487463,0.08944981329,-2.326638393,0.7846281851,-0.07970634587,-3.380940093,-1.297224986,-3.011431437,-0.5728571072,-2.368587166,-2.138835243,-1.002604203,-0.6372970662,-0.09953330833,1.524355815,-0.6075373107,-2.166004405,-3.967890179,1.07590025,-0.7916365491
12/31/2020,3.868942352,1.535201038,-0.8808618054,0.2613026447,2.385134171,-6.498851331,-0.1492848191,-0.2263734901,0.2579868013,1.070542911,0.1855217095,1.154386178,0.1426971618,-0.04562588621,-0.5264129821,-0.869890189,-1.061616269,-0.4757235795,-0.08748892245,0.1569249792,-0.02999756661,-2.268928046,-0.4956261032,1.477008032,-0.4414044655,-0.71511636,-1.266110822,0.6101910034,2.067161477,0.9290389712,-0.4078466698,0.1729796013,-0.1726861657,-0.04585292561,2.224878603,-0.1948092879,0,0.1779134417,-1.70393958,-0.128669765,-0.0522520685,-1.484119127,-1.4792923,-2.237065943,-1.101659101,-1.658152554,-1.640065011,-0.4798362647,-0.4724105633,-0.07126927783,0,-0.8092940274,-1.577817623,4.929413152,5.633329572,-0.1542224527
1/31/2021,6.620953616,5.949240009,-1.070978237,3.047603552,4.597139284,2.530097609,0.7252367279,0.3093665899,2.676676703,2.313170928,5.594786964,1.56619356,2.252388459,1.139374668,2.079821519,-0.8447637923,0.05290978354,0.683538639,0.1707610525,0.8768628597,-0.1440086643,0.7436907754,0.2813088546,1.436616664,0.8057387116,0.1892051695,-1.333615048,0.6334675079,4.598621735,-1.230315084,0.1020868686,0.02755256329,0.1840180884,0.6888612301,0.006094025893,0.3669501139,1.152605301,0.08792064438,-0.3052553545,-0.02916862639,0.2028216434,-0.03529509315,-0.2995580822,-1.011470244,4.435699023,0.4450311473,0.004515718597,-0.08201771079,-0.08482073102,-0.01255906184,0,-0.1452345108,-0.2064346286,7.278768843,4.316522507,0.1049053918
2/28/2021,6.064085736,5.249086999,3.301766034,5.570676056,4.637070766,4.173916599,0.3916548165,0.9491171328,1.097970377,0.6017023972,-1.692580744,1.333167541,3.394938022,1.011142086,0.760702027,0.3284988666,1.203695976,1.321094051,0.06180786238,1.169445343,0.4639941806,1.558579645,0.3750151377,0.1259902098,0.6610415128,1.58012242,0.584987072,0.2438847146,5.798374729,5.229909891,0.5841791941,3.067806142,0.7672327179,1.897961737,0.8507890599,0.8200923927,4.763730682,1.414477503,1.876019452,0.2543395794,0.03861332834,1.646309987,1.047500942,1.471873768,0.878819511,0.1642007879,1.197817081,1.350622407,0.4854679557,0.04307253905,0,0.9346463011,0.9830776808,4.551134316,5.88722208,0.7007667253
3/31/2021,5.571561074,2.743935472,-0.3013609324,2.720230941,4.217550544,3.142537865,0.4265601856,0.9894361805,0.831114699,0.6536151124,0,0.4560682703,1.741531503,0.4966056763,2.098958342,1.179111096,1.939815665,0.8985129713,1.323785925,0.1470203885,0.6787289012,2.522954456,2.327724384,0.8078480625,0.05638724216,0.5246277701,2.583382469,0.5143385609,2.049779708,7.332794542,0.3769331455,4.086482227,1.957961563,2.069509813,0.5727115749,0.8483187753,0.6314815255,0.6203106268,5.632366802,1.190078265,0.04372245465,5.839506273,1.375662398,2.089350768,1.714234512,1.629171529,2.153681877,4.281140187,0.433026439,8.170038734,0,1.337447602,1.46734708,1.450515324,2.350254078,1.715100084
4/30/2021,2.866401501,2.298417022,0,1.594220414,5.060997604,2.776515786,0.08712030033,0.4052312481,0.2136723247,0.2258217739,6.085432075,0.6132443435,0.954324721,0.08631227374,1.779222547,-0.3917511405,1.90362425,0.4715467285,1.074385273,0.6033388252,1.411080367,-2.406055645,-0.5074690855,0.3129851268,-0.1039588727,-0.8962248749,-0.7032086247,0.7993479591,3.302916587,1.437629985,0.03342984742,1.340431894,0.3492400318,-0.8965672452,1.337677593,0.08903832801,0.1685567599,14.37458087,-1.774473205,-0.005795883809,-0.06508039623,-2.764460491,-1.344996508,-2.35197404,-0.2722867881,-1.800600185,-1.886886728,-0.377799666,-0.5141232927,-0.07238776002,0.1127195229,-0.8157411,-1.65053785,-0.857072736,-1.191308522,-1.030243311
5/31/2021,2.937845333,2.906401588,-0.4180963831,3.381798659,3.179539837,-1.187954128,0.5655834268,0.4250224964,0.2257163,-0.2668415115,3.00119259,0.8869616515,0.6746377395,0.3484701838,-0.08845087394,-0.05613896467,1.476064076,1.275325069,-0.5086718748,0.4378906816,-0.3186044411,0.2024776606,-0.1364923006,-0.05605368468,-0.6838062707,0.2009335235,1.405072935,0.3991084787,4.385068849,3.288334343,0.2065579101,5.269301844,1.135532421,2.350736083,3.090111811,-0.9116222287,1.12649862,1.151271971,-0.4474578148,4.606062276,2.788896656,-0.4621050622,-0.3274709526,-0.6209929401,0.377526622,-0.3411362714,-0.3925606008,0.2170590658,6.41339481,-0.0179426525,4.062653897,3.064661861,-0.4317036459,0.3195887737,0.6190720424,0.9341889395
6/30/2021,4.169102586,4.385276743,1.68475255,2.367261542,3.044811061,0.3169101359,-0.007229638674,-0.3004778671,0.117380319,0.5647248855,1.375234054,0.1019669532,1.153170562,0.2608605243,1.091239972,1.65230228,-0.003181284456,0.1792419716,0.4755181078,0.1142792516,0.5152761302,0.2713837005,0.1488284313,-0.5226902437,0.01393722804,0.7960706947,0.000542140422,0.8063589571,2.73887094,0.3227482989,0.5052705049,0.477554751,0.8191840027,-1.231681743,3.84927313,0.09681548263,1.7397959,10.17035976,0.2452649896,1.038114947,-0.0048497782,2.118187498,0.6331801808,0.3504284646,2.499317135,0.8169484128,0.2635448694,0.09581018757,-0.3888705064,0.009792653628,0,1.043343811,-1.126120824,0.2012672069,0.2201438287,0.5307945966
7/31/2021,3.158357467,2.574382201,-0.1050031698,2.766216767,3.930796058,3.539823754,0.222370804,-0.08827910264,0.7165509848,0.2059737065,3.294993504,1.129348812,2.13045143,0.7900264157,1.011357569,-0.03599417067,0.7846035766,-0.08041642079,1.786078175,0.8804484905,-0.595204199,0.09772784283,0.03637266517,-0.03606438325,1.192726348,-0.1708696125,2.598842739,0.5510809792,4.414606853,1.148566862,-0.5165497632,-1.06505931,1.073680975,0.1475817588,1.13905659,-0.2329715248,0.1437568173,0.1944534803,5.367701065,-0.05858620663,-0.00605794777,0.6679581034,1.282318573,1.229744078,0.9502027815,-0.6464773525,-0.1768493024,0.3566366979,0.1326073714,-0.01147828276,0.9712480351,0.1985433835,1.288026105,0.03219974402,-0.01032796099,0.7133342416
8/31/2021,1.931410604,2.851124966,-0.1915140755,1.980545821,1.481779274,1.527142645,0.1227917023,0.04453997375,0.452339489,0.2658234376,-0.8339393087,-0.1134912737,0.8431254787,0.184588005,0.3880967367,0.02404555596,1.747368231,0.05370189459,3.197461862,0.1820808109,0.2039567713,0.8201475353,2.492098048,0.3490777182,0.0107716224,0.6748843637,0.986294537,0.3365883341,2.867394971,4.351383379,1.422963147,1.739129425,1.34937288,0.0954462932,0.161478247,0.04921933208,0.1168100585,16.29623614,0.2003674008,0.2171685974,0.006028152998,0.4296490088,0.872281954,0.651110509,1.395974577,0.190853752,0.7266142631,0.08213790476,0.04181414442,0.007659887839,1.452260516,0.2064226662,-0.04601795491,0.02008756664,-2.138422883,0.3110692781
9/30/2021,0.3885758476,0.4146525974,4.857276283,-1.823742385,0.8058801233,-2.592572484,1.864206078,0.4536593235,0.4205097425,0.4117125718,4.335257803,0.02979521593,-0.4241122557,0.5435545763,-0.06367825522,1.345783585,-0.6134783194,0.2715753815,1.746412734,0.05108771772,0.1166457621,-0.2926655327,0.7385076319,-0.006631129775,0.3722952522,0.2645003532,3.281805116,0.8285247249,1.090177361,7.469329013,1.894149619,0.8476267897,0.11836673,-0.3193252737,2.628226779,1.954850558,0.03599221821,-0.08600280447,0.32387234,0.1077863595,-0.003232421863,1.515421095,-0.04871834796,0.1447517183,0.5294235808,-0.2058095367,-0.01766780533,-0.02324536245,4.31002882,3.771759799,0.6018032786,0.5745661745,-0.6545300373,-0.2177796184,-0.07001953864,1.061936669
10/31/2021,-0.7642313455,1.399924054,0.4852592728,-0.238109608,8.968883546,3.68949724,0.2743400809,1.788916176,0.4520681423,1.138750132,0,-0.4410065286,-0.2400793631,0.17767493,-0.3236632225,0.1502282767,1.120191437,2.514422072,4.10642158,0.1060675933,2.563139176,2.051075373,0.6719301999,0.1515524978,0.1352903911,1.049846537,0.5852768453,-0.2263833983,5.008064196,6.281277199,0.3231771844,0.4628713143,1.129448619,1.709347793,3.008012463,0.6906804281,1.353507194,14.18141467,1.406680006,0.2994560996,0.04562096885,2.896434475,1.97936989,2.756935465,1.365994277,1.230694547,1.590860912,0.5009953961,0.2615424788,0.04662585895,3.108495831,0.7074068542,0.7725683049,-0.2578889477,-0.04853426686,0.7720960374
11/30/2021,-2.738895544,1.017595491,5.466620306,1.121413259,-0.3631570813,3.730283179,-0.09069008351,0.9229042066,0.1268109739,0.2160514114,0.6965592027,0.01872034754,-0.1756051122,-0.2041546899,4.833040374,1.61322602,1.692668935,0.7613992717,1.057061457,0.9243751127,0.4597141686,1.672724402,0.2062109374,0.08710630525,0.9961192128,0.9924358381,7.875867026,0.2588800189,0.5840003785,-8.377235824,0.5312098678,0.359236998,0.4877719328,0.7676117343,0.8814196742,0.7456440565,2.492366447,7.398964552,0.7147400473,0.4997876221,0.4439076767,1.285754597,1.385416666,0.898621186,0.6683811481,0.606891737,0.0954435826,0.5071303572,0.3261820298,0.02682678195,1.688201018,0.6049046221,2.979734772,2.828606154,-0.169065219,0.03814520796
12/31/2021,-1.026015697,1.028968066,2.411485435,-0.2673628976,-2.047939398,4.973584048,1.796730533,0.2504937745,0.119810877,0.3054090573,0,0.3723523926,-0.1650802227,0.03978923754,1.326764646,-0.2618239399,2.942046696,0.271927518,1.434400986,0.1034839717,1.366379591,1.147926961,0.2933155534,0.471523528,0.05567783605,0.5599030948,2.922409961,-0.1313314481,-1.261812848,2.840755712,0.8781214651,-1.780974518,0.1531413229,0.1792552416,1.931456098,0.7630168521,0,0.4353625281,1.024112275,0.2826457353,0.003140378153,1.539311831,0.9229257617,1.280377164,1.455698933,1.048588048,1.364764243,0.3846807201,6.351604355,0.03870299545,0.4408477604,1.338706827,1.359077955,-2.010434038,-4.735609582,0.9114062168
1/31/2022,1.167618171,0.3949039781,0,-0.04408903281,0.5273104426,-1.843855952,5.515659657,0.7387141978,3.144446559,1.57042357,-2.992755666,4.570710632,0.4622557204,2.619336714,0.05281494139,0.1293127854,2.218810082,2.637612636,2.714700518,0.106759815,0.3677115276,-1.209561882,-0.03524282673,1.837489675,1.119662248,-0.05495587016,2.624107246,2.706924445,-2.356014045,6.687258436,0.5322516046,2.356518801,-0.7611601936,-0.9402024249,0.7811742568,0.2656299619,2.122616603,-1.93144008,-1.188149448,0.4080653613,-0.05402802479,-2.350857907,0.3958223038,-2.163633912,-0.4510604501,-0.5779307968,-0.6929718185,0.9855300954,-0.3464008297,-0.02931215299,0,-0.4787795546,1.332329474,5.965842102,7.342638615,0.9773306275
2/28/2022,0.7103797868,0.6757886565,0,0.5260662919,1.655066904,2.926877335,0.603201511,1.68285476,0.9887673527,0.595055963,-4.01035647,2.155049674,0.5641972666,1.209380524,-0.114126342,1.34897518,2.914285594,1.711784434,0.5626967304,1.20614579,0.2600295595,0.6882167849,1.281487713,0.7388320356,2.351898901,0.2880949107,2.992576566,1.448672953,1.755418334,7.794121768,0.9749574273,0.2134420299,-0.0256262068,0.5483722915,2.020217247,0.9778012937,1.847339932,-0.04185529129,0.06593635939,0.2661654212,0.002090887912,0.372662634,0.3751512346,0.1545208131,1.204400665,1.312321146,0.3458498213,0.02267630767,0.01377490954,0.002526524978,2.60295933,0.1732285152,-1.124976331,8.48811257,8.564480634,0.6832703415
3/31/2022,0.5384795152,3.336691655,-3.124483743,0.6602572581,-1.389595686,3.346425731,0.5160088379,1.287511365,1.543852061,1.418986177,1.949021642,1.961006895,0.4121771039,0.6235614845,1.785115731,-0.05756118589,2.91779898,0.6316860143,0.6821652103,0.8957921218,1.129481853,1.202993767,1.190006768,0.05917315686,1.080298805,0.6908940857,0.4870790695,0.656432262,1.708895157,8.064864472,0.8176281377,2.928395048,0.6820209849,0.9288538483,0.2370579345,0.9813180527,1.040676539,0.112432697,0.497892524,1.170484756,0.4243171261,1.285304906,0.4593858633,0.6286917113,0.7701170616,1.029118946,0.9710104861,2.646384767,0.5791371119,5.81509715,0.2391464337,1.004188833,1.102497139,3.364984459,5.63712473,-0.1180375266
4/30/2022,4.996046879,2.339998596,4.880884817,5.063362413,8.488775026,6.376992039,-0.6362399638,0.7183317736,1.141421965,3.562368478,0,1.897669057,3.37645877,0.6849771007,0.8023791436,0.09648046345,-0.4506526543,-0.7311847242,1.111348917,0.568081424,-0.5852796349,-1.927338104,1.776819828,0.07015069727,-0.09647011989,0.7143687485,1.472160724,0.1768444156,-2.969824234,-8.802526985,0.856497784,1.388779222,0.311106118,-0.03479317682,-1.172898934,-0.9099584538,0.3057438504,0.5388938055,-1.806987007,-0.2295715928,1.800694654,-2.720483405,-1.667874953,-2.28542155,-0.2510301621,-1.288895472,-1.207141759,1.707383783,-0.3814186219,1.279094984,0.08981622491,-0.8538369335,-3.246138022,1.508598854,3.186359597,0.3612966392
5/31/2022,5.495524107,1.099448655,0,1.555160882,4.755975451,6.751403655,-0.6521141406,2.034475675,0.7213603079,0.5953316472,3.180470471,1.667443844,1.559644256,1.154893782,-0.7178084153,0.8462887994,1.34151702,3.095802299,2.158495862,0,2.399026392,1.185734389,0.1130376056,0.1765842822,0.02024261132,0.3232204339,2.133948702,0.7768887569,1.001372393,-11.3687842,1.733051818,2.480307863,-0.09845049511,0.02698927437,0.8935591059,0.346860738,5.817114978,-9.056924418,0.3857704832,0.06100228321,0.002371857295,0.586245104,0.9491901493,0.4918747263,-0.08593088264,0.1375852505,0.2260649173,2.63184863,5.029465905,0.2661513805,0.8420319131,0.8506592026,1.246036316,0.5115359033,0.8599000333,0.1414419336
6/30/2022,3.145758884,-0.461360348,1.718077142,4.303656688,1.330044672,2.14095156,-0.1496579266,0.8740030991,0.00546919132,0.3039551622,4.516143615,1.875081877,0.1461693704,2.036755776,0.187514712,-0.05144241913,1.842501416,1.50480937,0.4308524978,0.8302297718,0.2598064178,-0.6422755192,0.8943898943,-0.04976312422,-0.02232843499,0.08281602786,0.978067409,-0.1616146009,4.118978035,-8.486094417,1.225148685,0.9705462793,-0.06101741454,-2.292382905,0.1248847154,-0.4558178342,0.6696572117,-0.1198189116,4.398244017,0.04690064094,-0.01154255192,-1.121582601,0.160444419,-0.5423019637,0.3288488618,-0.3280910076,0.1621081065,2.402553501,-0.0894927715,-0.01498643192,8.999178467,1.764963889,0.1908397159,0.5817286828,0.3893894672,1.133532278
7/31/2022,-2.919711254,0.09756351819,0.1557274596,-0.196809527,-2.325600291,3.101043865,0.7263127864,0.5756415271,0.6306911358,0.5901933079,4.656994929,-0.328586815,-0.3748113263,0.7306202387,1.12635276,0.8409306413,2.72674081,1.139484564,-0.4867768502,0.7827958181,0.7361802109,1.996801514,0.3739307775,1.106446728,1.169772359,1.315244128,5.739938176,0.8444200654,-1.263742462,-2.28271743,0.5480086383,0.9051908473,1.584042764,0.1316905602,0.3035063906,0.9761351662,0.5108537912,5.214910641,1.224461296,1.776261193,3.102915932,2.004811248,3.446720489,1.680947243,0.9803463232,1.253257816,1.176280909,3.093128544,0.2683055047,0.04519236832,0,1.349108325,1.163366882,0.2593529195,0.3308979713,1.528215708
8/31/2022,-3.210582872,0.03217739926,0.2950216253,-2.795544149,-3.237664415,2.088920509,0.2822517665,0.4125254997,1.110374907,0.02422951519,1.538728504,1.157560249,-1.022738251,0.9905195234,-4.664980728,0.9556227086,1.028065968,1.515839087,-0.271486293,0.2138912708,-0.4619034119,-1.548260944,-0.2254698064,1.369900544,2.205261085,-0.304319809,1.907220448,0.7653746772,-1.904687934,-0.1270595902,2.17234077,-4.193580338,-0.8504150608,2.785032934,0.513124253,0.1856473234,0.3699775911,-0.1576772221,-0.7561997875,0.9769888097,-0.03228899465,-1.194949181,1.567216688,0.9740759727,-0.398155974,0.2813578257,-0.5352291659,2.3864573,-0.1666624165,-0.0282387742,0,0.2400583691,-0.6223684842,-0.9858246724,0.2990804752,1.602344226
9/30/2022,-3.963250548,-2.024389882,-0.5741636869,-0.5170989305,-4.908112368,-5.04231753,0.8761507988,1.212613082,1.484349962,0.8929946571,0,0.2049247643,-0.6520765406,0.08641793545,1.034470476,0.3136296209,-0.1268477998,3.176406697,0.3530418332,0.09282031169,-0.1322237557,-0.05663716891,-0.3362162252,-0.03985128671,2.4916342,0.04786808397,0.07977979819,1.294366571,-5.732229802,-7.877621016,2.05392671,2.03793788,-0.3884187629,3.268832931,-1.77111528,0.1471946478,6.512500027,-2.377458386,-0.3895060493,-0.03476782345,-0.01297114697,1.072694998,-0.1416267603,-0.6232656085,-0.4026985563,0.5735181193,-0.3370506594,2.605898717,-0.08613388148,-0.01443941303,-0.09656434351,-0.1780718499,0.7886011397,-4.339072919,0.3094515148,0.4694951917
10/31/2022,-4.336834204,-0.4700646542,-0.0386451107,-2.387532796,-5.687378735,-4.787936078,0.05372688355,0.7420616888,0.8414269376,0.2205327442,0,1.251448977,-1.090990716,0.1421013778,-1.10071925,0.5946712699,0.6528769312,1.049401686,1.606299574,0,-0.1104129287,-0.7360262681,1.118054975,3.22506202,0.7757623561,0.4489682883,0.3070081885,0.2083446161,-3.873808785,0.7158276305,0.1010930357,0.8684649915,-0.2150220747,3.80098716,-0.8555323017,0.02119378831,0.9079386818,-0.2153611636,1.475685778,0.01697665964,1.304485259,0.2174231584,-1.199693936,0.1116041496,0.5232085931,0.08033463431,0.3487499248,2.828202351,0.01257858141,0.002101468362,0.8894373261,0.07565135253,0.5303189618,4.107884647,0.2998967377,0.6642146763
11/30/2022,-2.822778131,-1.771457376,0.1564903285,-2.01757422,-3.611253289,-7.690854262,0.2681077448,0.4676576851,0.2817015569,0.2121304247,0.7032585537,-0.000298014099,-1.995013693,-0.01689546399,2.099204073,1.579722773,-0.8428054372,-2.556119881,-1.77639594,0.9257705999,1.361939829,-2.306490606,0.07512955329,1.168278574,0.2273758679,-0.75402966,2.021422264,0.1387177301,-1.686671082,0.8423650436,-0.4825073067,0.1330277436,-0.4935285834,4.317881426,-0.6291859781,0.00662268882,0.08592119506,-0.227090733,-0.7967233869,1.102963056,0.3083390898,-1.280192932,-3.920016482,-0.3614530191,-0.8799964577,-1.05531718,-1.285234763,2.398768819,-0.3109747517,-0.05139423264,0.1213725841,-0.02944924464,-4.059454165,-4.340837344,-0.2612140379,0.3850583901
12/31/2022,-1.843204748,-0.4849074078,0,-2.753992264,-2.099611237,-7.525152088,-0.4117007887,1.597525096,-0.3785951467,0.05380293459,0,0.4607876213,-2.10567168,-0.02418246188,0.3848823238,0.4609992375,0.5228411516,1.316727081,-2.582155049,0,1.173762067,0.2554314599,0.05591567606,0.01734216783,0.009132245649,0.1056155091,-3.615568117,0.1884032233,-0.09109582131,3.172145494,0.04837148418,-2.2188332,0.2280136533,4.229604442,-1.92051138,-0.1169348516,0.1132797795,-0.04848435014,0.1764568589,0.1402227658,0.003142364894,0.3021502501,0.610947787,0.2432923865,0.1062398664,0.5696640957,0.1860066349,3.012607801,0.04021751167,0.00656362604,0,0.1643087768,-0.3293356988,-13.81666103,-6.256605605,0.1534999739
1/31/2023,1.63857967,3.457352318,-0.8188354286,-1.663335423,-0.2335592002,-1.897727937,2.071085987,0.2562886129,3.147922241,1.56707792,0,3.32868188,-0.4226472804,2.016041585,0.7011153583,-0.2386722105,-1.096646773,2.594652488,-0.9552598357,0.5230330185,-1.06470343,-0.0466803994,0.173095342,0.09734641794,-0.07297979827,0.4319535993,0.08447122664,0.7820684486,-0.7340524592,0.6084883068,-0.6286924347,-1.514520601,-0.2917441525,0.511777952,-3.061114786,-0.1429703453,0.9344388247,-0.04731677434,-1.23716704,-0.8666738364,0.07950984132,-1.97791928,-0.9530987699,-1.998834481,-0.793949948,-1.03185241,-1.083676543,8.375873513,-0.1447258528,5.720794204,-0.03849259712,-0.1399350154,-1.615959187,9.556642425,5.51547955,-0.09868516273
2/28/2023,1.433571238,-0.9395937569,3.878134261,-0.08404436216,2.915500236,0.1134856201,0.5037472564,0.07478912235,1.030721767,0.04480886401,0,1.083711015,1.244348107,1.578331677,2.665152026,0.4731201502,-1.538947172,1.613932434,-0.03705015419,0.09282031169,-0.3960332053,-1.234370245,0.2239706227,0.1212560361,0.2269292274,-0.3820820567,-4.232596508,1.932227881,-0.7526799723,-3.665643376,-0.3184078419,-0.2598227735,-0.07420668461,0.7090868485,-0.1852632448,-0.6123117657,-1.631931935,0.28776771,-0.7149831741,-0.1068082195,0.167525455,-1.374683215,-0.9481951268,-1.052817857,0.299676293,0.07455043736,-1.190818651,1.975526454,-0.3743386939,-0.04133955501,0.7236284094,-0.6005708106,-0.5768683598,-0.91049099,-8.75271421,-0.1527960283
3/31/2023,1.983490477,1.131630237,-0.6157886558,1.975514639,3.160262929,1.321642847,-0.7158435199,-0.09488731459,0.3606295669,0.5828704161,0,1.860915583,0.3905150512,0.2590942117,0,0.2836153361,-2.246628827,0.1364466296,-0.5868068638,0.684502004,-0.08642256676,-0.6123599964,-0.2730130612,0.7109786211,4.044239882,0.5204255702,-2.088265685,0.1173484254,2.998219694,-5.650765809,-0.1336515574,-2.588829722,0.2850691671,-0.06477438545,-0.08361638368,1.00672195,0,-0.1072794474,-0.5021751712,1.540275035,-0.01354643914,-0.5832026027,0.3707948193,-0.6078113323,-0.2971698882,2.721555082,0.4793997338,-0.171027672,-0.1753496472,-0.0173041633,0.6863539776,0.6024953221,0.05186203516,-3.578546499,-6.601237994,0.9058428461
4/30/2023,1.025234386,0.0061293868,-0.4135900154,0.2764762855,-1.74803734,-1.416972733,-0.3763740954,0.002186395958,0.5157275389,0.9583095513,0,-0.3708288958,0.01736060993,0.3229767497,-0.9942082117,-0.5686324134,-1.529068016,-2.171995927,-1.710654714,0.5087578339,-0.7302349626,-1.228720293,-0.3287556703,-0.09452050797,0.3262920541,-0.5538197029,-0.1793505111,1.654304736,3.415192078,0.230769852,-0.4949113593,-0.6749692763,0.647996423,-0.7487390745,-0.08752662034,-0.571691762,0.05011978244,0.1893510528,-0.9966649071,0.5541972438,-0.04910380179,-0.3452346111,2.962503131,-2.623870667,-1.053787592,-1.620070454,-1.010279926,-0.3545221698,0.3183310947,-0.03417694814,0.7789776477,-0.09152329016,-0.07009888787,1.436591222,-4.448559744,-0.355512837
5/31/2023,-1.131594586,0.3687385159,1.590404057,0.8074304984,1.030699045,0.4805559075,0.2642639007,0.07486200167,0.3592274699,0.5584553311,1.592454724,-0.7860490449,-0.0630851935,-0.05173256382,-0.573478715,-0.32431284,-1.241000153,2.235244451,-0.1088525745,-0.2596932057,1.053481079,-1.363434237,0.1141722602,3.329953633,-0.1834350763,-0.6089069538,-2.13881511,0.2226767768,3.971938547,-4.046781302,-0.2125780674,-0.2320702757,0.3159102732,-0.6951520405,-0.8615350501,-0.4286595303,0.305508996,-0.1096708574,-0.2413245784,0.6636858533,-0.04033383574,-1.276603988,0.3492153241,-1.16665079,-1.567360756,-0.8797790141,-0.8929269178,-0.1398379196,-0.2950077617,3.415159083,0.0107927437,0.002421928472,-0.8508860465,-7.468203241,-8.1461261,0.4550365546
6/30/2023,-4.188161261,-1.667454124,-4.139736159,-1.133224563,-1.983145316,-0.1469088644,-0.01350881993,-0.3003819316,-0.06662658997,1.146952823,-0.2656752872,-0.3936827442,-0.06934531195,0.1152224454,-1.822813827,0.4548815692,-1.049768959,-0.314389507,-0.02522483119,0.01282157236,-0.6100943595,-1.196608117,-0.1450248932,-0.1229521564,-0.0597746441,-1.244488458,0.6286421238,0.2719859653,0.9863590203,-5.34954562,2.084215988,-5.326632308,-0.00965527614,-1.937746953,-0.03253536865,-0.6185795046,-3.098212748,-0.3901528664,-1.059804557,-0.1947025015,-0.05732852334,-1.262010738,-1.468794622,-1.822914777,-0.811506821,-1.362856685,-1.514950429,-0.4638309697,2.728989823,3.14690775,0,-0.2536646857,-1.348501375,1.326806358,-0.5114069518,-0.7714094678
7/31/2023,-1.450079291,-1.772050066,0,-2.566533417,-1.857266551,-0.8424211459,-0.7835637622,0.5727119318,0.8449656754,0.1562200487,0.2484686516,0.04725469109,-1.300041707,0.7652597509,-1.767896628,-0.148518491,-1.088755757,0.968823028,-1.395537385,1.45770637,0.5703805891,-1.494728223,-0.3588531548,0.1178863712,-0.05335426747,-0.7634531618,0.8275257477,-0.9614702538,0.2522872395,-3.037258116,-0.3067480064,-2.644066034,0.524401165,-0.1966853357,0.218089936,-0.7677486451,0,-0.4535529738,1.282775295,-0.02968404087,-0.04156303627,-0.7549020716,-1.259112016,-1.401710759,0.2323747685,-0.7700254436,-1.185433399,-0.2623820498,-0.2562650906,-0.03281002041,0,-0.523254702,-1.041061286,-1.210925632,0.8502449981,1.508487863
8/31/2023,-3.079775938,-0.659138034,-1.404371491,-4.757673752,-3.330688393,-0.9130537207,-0.1557966867,0.9487356112,0.4271949225,-0.06078207742,0.4455752983,1.103904138,-1.89757972,0.3509410723,-0.2496000264,0.01315245749,-1.433650342,1.459910753,0.05167895137,0.2857070818,-0.07923692743,0.5442101352,0.7130268938,0.05943945737,-0.3224097704,0.3492051428,-0.05073482928,1.277070183,-5.243864627,-1.163669668,0.02320400386,-0.1938826117,-2.009774887,0.2256395857,-0.2689770741,-0.1666480954,0.4815718691,-0.6319142594,2.602991543,0.3327243318,0.0297771169,1.393098678,0.2346144994,0.0189882802,0.8996742413,0.2538914016,-0.07949844228,0.01675084676,-0.01459656238,0.002875743245,0,0.4581797436,-0.4054505467,10.96861557,12.82338765,1.351363804
9/30/2023,-4.306414714,-1.241887772,0.2465803428,-2.478684112,-6.418215304,-0.178893344,0.1391674184,1.007044646,0.2308723185,0.3440750789,-0.7369777094,0.8056292256,-1.002723301,0.7355832271,-0.8899868139,-1.371566058,-0.4116408981,0.9508070412,-1.520978888,0.2542232438,0.8324212466,0.2564562157,0.3191329011,0.0366420362,0.02094800912,0.5772240215,-1.671872654,0.3768935562,-5.011452148,1.647899808,-0.3059241237,-2.600698895,-1.782147377,-0.1648617472,0.5565968729,0.8791844984,0.6036970518,-0.7732417124,3.235108916,0.1965497991,0.0263251341,0.494946772,0.8757897614,0.6323370373,0.02287046955,1.04344135,0.5342531672,0.1893394049,0.07504830497,0.01283736452,0,0.300810536,0.3829658583,0.9717258536,5.76736776,-0.2116647643
10/31/2023,-1.943141741,-0.9820904916,4.156060066,0.8758827174,-3.948502897,1.063116917,-0.983929584,0.6938879259,0.8097149297,0.3961527257,-0.4998300549,-0.4019813581,0.3694858456,-0.1182083478,-2.18172114,0.3393774946,1.74531388,0.650691193,-0.6785642193,0.4613841119,1.956587616,3.94732717,0.9852212722,0.2187028359,-0.6965660924,1.975256009,-0.3911832722,0.2624049739,-4.120513175,4.906354254,0.8600712163,-3.046091348,-1.673515923,0.6402872397,-2.152889592,-1.416734156,0,-1.875802024,2.592436507,0.23409807,0.08106136838,2.940682872,1.377913633,3.711695102,1.917061264,3.209687815,3.055630845,0.8397352882,0.9469723663,0.07663974399,-0.01079157899,1.769352709,3.190925364,-7.684623805,0.6830157793,0.7942997345
11/30/2023,1.241919076,-0.6739449406,6.304120566,-1.913398235,1.628795954,3.105908354,1.162584773,-0.2688846203,0.5916505694,-0.0291967098,0,-1.049665067,-0.01416059865,0.6263923171,-0.3085197496,-1.246369527,-1.147686424,-2.627131842,0.6277955862,-0.1130698644,-0.7401267616,-1.870003008,0.3776838964,0.1289857522,-0.06667841572,-1.185147457,-1.320733542,0.001298205931,-1.335349704,-2.301522435,-0.3256188588,-2.314994754,-0.1942214235,-1.381655436,-0.096554116,-0.02141788806,0,-0.1661587038,-1.246260208,-0.2020821804,-0.07706744839,-1.512603072,-1.368019609,-0.829422188,-0.08298312581,-1.180892242,-1.200050913,-0.4502652605,-0.1752895026,-0.04054946808,0,-0.2256737803,-0.6103975901,-6.841957905,-8.118830988,0.2885871695
12/31/2023,1.561203752,0.4141773228,0.5851353951,-0.5975516843,1.013305712,-0.8332081229,0.02100122315,0.182243779,0.2573730511,0.05938662277,0,-0.2749599437,0.4785266623,0.5634044895,0,-0.1934233131,-0.4716431942,0.2079444344,-1.183565837,-0.03144976726,-0.2257778533,-1.332652863,-0.3039959117,-0.08009920789,-0.04631199821,-0.6971317894,0,0.3050914183,1.108928094,-3.024924729,-0.226748578,0.2854955867,-0.05266549641,-0.498748325,-0.02747632548,-1.276378633,0.6522487696,0.2773314911,-0.8594222505,0.2508140723,-0.03699206325,-1.390138701,-0.9627048049,-0.1908094946,-0.5967148322,-0.7656442055,1.040078184,-0.3046430411,-0.2233500481,-0.02815657798,0,-0.2930428803,-1.845512548,-2.751774992,-8.568386038,-0.4054763101
1/31/2024,1.325523592,0.1428026342,-3.90475266,0.711390853,3.892548589,-0.2537272404,-0.01825426526,0.2665607043,-0.02964295803,0.4046241063,0.4657495943,2.015161217,0.9587364964,2.749565246,0.7084623793,0.8108300959,-1.512846732,0.2130686149,-0.3349546728,1.546692502,0.1998144964,0.6145457865,-0.2959399543,-0.04714267124,-0.1541143594,-0.05444819772,0.001591629225,0.1553114184,4.113981234,-0.4048220537,-0.1336498288,-0.9485899777,3.816751866,1.62434523,-0.04450997028,-1.592066896,0.09739933981,0.1274195078,1.597854768,-0.01619244291,0.1179819118,-0.6321827017,0.0347570149,-0.8043065736,-0.5955170852,-0.4455855339,0.5611531575,-0.17754549,-0.1164494891,-0.01656304307,0,-0.2633245232,0.6185676185,-1.239964918,-1.426594045,-0.1111515343
2/29/2024,-2.119182415,-0.6937103495,-5.13529075,-0.05674144113,2.032651594,-0.06704955561,1.651924675,0.1990833354,0.5215783294,0.6810161676,3.644851158,1.769982552,0.1300242337,0.6896368907,0.207743998,0.3043257882,1.241817254,0.3505271304,-0.8045923055,-0.2572337793,-0.08726531934,0.1146646501,0.3009658766,0.1392739116,0.01092815864,0.669476161,-0.1529206508,1.548648593,-1.700998801,-0.05128960836,0.05359123141,0.270025402,4.201768647,-0.08938495472,0.313001801,0.09511990925,0,2.036030657,0.2158603312,-0.2337774686,0.336188791,0.2547659395,0.2314938044,0.8714358396,-2.0172887,0.07219721623,0.1497991274,0.5127246143,0.01643979729,0.006633711451,0,0.09470989817,-1.043319193,5.738818802,6.011804855,0.7619782645
3/31/2024,-1.486974048,-1.024082832,0,0.9456593214,-2.857514643,0.4117795417,-0.4375081342,0.3526127752,3.350780728,0.2244025629,2.597017293,0.7571450295,-0.1555349514,0.3320101217,0,0.3220976201,-0.3002739498,0.000180064582,0.6617979222,0.3590949715,-0.08786036887,-1.191287848,0.03979697004,1.044235492,2.225878808,-0.000454352743,0,0.9694699004,1.320722068,-0.2544293304,4.018832286,-2.325521156,2.163647458,4.49885103,0.3246986503,-0.06934768098,0.2816719962,-0.3505155223,-0.8032884927,-0.1048395539,0.1350139752,-0.9209637805,-0.8613315097,-1.209339024,-3.211812715,-0.8137735738,0.1122631833,-0.2752732847,-0.2474482383,-1.455941333,3.897971744,-0.4419078229,-0.2965392602,4.39564539,-1.42491973,0.01767045858
4/30/2024,-2.230377961,-0.64946919,0,-0.4724909516,-2.403927702,-0.6865691665,-0.4694391141,0.9002363174,0.2067300624,0.9941512838,0,-0.252374252,-0.3765127967,0.3256824182,1.679612224,0.3799957541,0.1742694509,0.5173941,0.3901533345,0.6409429254,-0.863916066,-0.742594458,-0.00271190149,1.237608711,3.177736129,-0.08411896526,-2.198148846,0.07773084387,-4.214138246,7.77713945,-0.1574777609,-1.952596838,0.483096622,1.160896618,0.003836329417,0.2955362435,0.05363082517,0.03458351361,-0.2678653633,1.133466045,0.004827925331,0.02724553986,-0.1692432086,-0.4060202551,0.4597882612,2.165409075,0.1859476049,-0.377257748,-0.1155142095,-0.008303759802,0,0.5123542887,-1.099223823,0.9907595102,-1.789330754,0.02847870098
5/31/2024,-0.2017720821,-0.05708244993,0.128154126,-0.5168823769,-2.167324114,0.5136888584,-0.3528981504,1.794850145,0.2526048966,0.02311133476,0.1455191564,0.0992073467,0.5288751061,0.4651353183,0.05093022245,0.6166620631,0.1022581915,1.643491678,0.6836313286,1.067435548,0.1745665612,0.363403892,0.6376375628,3.481971323,4.235109043,0.3098667321,0.4119010729,0.6044891993,-3.939391308,2.137462589,6.511620828,2.437825515,-0.6248200035,6.989339286,0.545748887,1.02253,1.026638353,-0.2302229189,0.8566634326,0.1251428016,0.004243207412,0.2908358818,2.461087175,0.3668619585,0.1916711081,0.6367520011,0.1259218023,0.08894508167,0.08999257291,0.00747256196,0.4687723839,0.2115301983,0.1705934643,-1.968328985,-0.625748695,0.4470877586
6/30/2024,-0.2262804477,0.2097646756,0,1.333248803,0.3555226574,0.46901313,1.337255341,0.7107215642,0.4600788021,0.2351425278,-0.3035914939,0.5263231483,1.221435063,0.09789259651,1.614148378,1.276027853,1.248559296,0.8523902474,-1.307206075,0.2786450638,1.450147418,5.383051799,1.378102464,0.4225060618,0.1677967308,2.248794363,0.001198659294,0.2457319538,-0.4330530196,4.598174715,0.7770425632,-1.084624867,-2.769347923,1.900533007,0.4286585851,1.590032101,0,-0.02443344977,3.422471952,0.9601023053,0.150758399,4.141145208,3.610904074,5.173457128,2.532851968,3.724196321,2.372210819,1.313607001,1.344981514,0.1067189244,0,2.906417806,3.439054469,-1.968248295,4.027169048,1.037071002
7/31/2024,-0.8580830695,-0.9362492111,0,-0.6414133202,0.1642110071,2.509435697,0.6739634206,0.8241498118,0.02783251355,0.0156285864,0,-0.152814449,0.01299051467,0.1484142144,0.5369443824,0.9101502098,0.4943868311,0.05423228745,-3.686120299,1.377580711,-0.0699124543,0.6967424378,1.004552554,-0.2585793037,0.004520661803,0.190004472,0.009105549003,0.3831486476,0.1754488383,-3.031163473,0.1272872163,-0.2791443927,0.02699884662,1.336465598,-0.1342513976,0.6500151184,-0.08437469553,0.1073172544,0.09509900184,0.1682085574,1.665548249,0.5191888657,0.1001524235,0.1401613373,-0.03037703926,0.1575284073,0.04193160614,0.02706742436,0.7110721995,0.003063579726,-0.1984558204,0.08947185912,0.3353629826,3.3793245,3.587239189,0.3421532781
8/31/2024,0.03708088082,1.238296212,-1.66740036,-2.112391783,-1.800360151,1.68186096,-0.584883683,0.4962259267,0.06488627735,-0.1470090164,0.8040257575,0.6591515114,0.4351403236,0.4210904171,-0.6275065834,0.7152873311,2.388306956,0.7169547053,1.229325797,1.05492235,1.300497203,2.864514191,0.916862316,0.9463464721,0.1196206746,1.937522723,0.00391898816,0.3904839651,0.1963444559,3.381151343,0.5816129958,0.2730471048,0.9080315614,0.3819699597,0.752834176,1.402811117,0,3.573140144,2.514125812,1.025644576,3.931100175,5.176812191,2.647589107,4.003230185,1.653364039,2.89226776,1.23359089,0.8792131518,0.8552679076,0.08106618654,-0.1302027353,1.815686299,3.629172164,1.47072664,-1.19637514,0.5205451466
9/30/2024,-1.808296266,1.705907716,1.669397757,-0.01115779808,1.47353847,2.446179694,0.9306062661,0.4051526038,0.1151836586,0.2003792802,-1.290546106,-0.1020630346,0.8308254378,-0.7499373105,0.8048433734,1.317829971,2.648359593,0.427278937,-0.2304095127,0.1403790644,1.203379073,2.41086902,0.799019887,0.1575299337,0.1746199922,1.289465109,5.714489076,0.4074910027,-0.07623180583,8.27668399,0.428765208,-1.461398905,-0.761128673,-0.2448666876,0.2345676217,1.31770956,-0.07804711767,1.051519466,1.818474961,0.684170602,0.04839101631,2.231910577,2.0553294,2.605314496,1.265311873,2.263728872,0.7839342617,0.6241681822,0.2831209726,0.003067687979,0,1.229511563,1.523690931,-2.848644649,-0.179194895,1.349056471
10/31/2024,-1.782190946,-0.6548334711,0.02318303158,-0.2057460257,0.5011626142,-3.036985353,0.1017741497,0.009612259067,0.06029921704,0.02154924345,0,0.137701905,0.3444440972,1.265001073,1.616982221,0.2793607079,0.9762473045,0.2945004451,0.2002884341,0.4217715366,0.01122260422,0.3816366959,-0.5910365867,0.2510312413,0.2891129062,-0.1446898673,0.003359161442,0.6943693974,0.2181968387,6.719249739,0.4199943989,3.164954827,0.05423691839,0.7309267957,0.1035570817,1.597872509,0.01669105609,-0.804353382,0.2475595092,0.3134184244,0.1984071325,1.114974548,0.9314750127,0.2012097814,0.6001927982,0.07891091839,0.02818610676,0.02378705637,-0.03648182438,0,0,0.3298473433,-0.3417675349,-0.07995373136,-0.1398305918,0.7023257043
11/30/2024,-1.994376897,0.0947855972,0,3.170797603,-2.915862719,0.6000024052,0.9376494242,0.4027801481,0.1639953093,0.1449723271,-0.1245753548,0.5706717937,0.4299734888,0.175582156,0.2175992359,0.2359874504,0.6683522444,0.4307286978,-1.540928265,-0.2205830582,0.7368561793,2.503064142,0.5546376338,0.1558889798,0.08762022588,1.311152397,-0.3783729874,0.4699334649,-0.7715464121,3.100024134,0.6250177339,0.07864851992,1.246501335,1.683832848,0.2958834831,0.5819396812,2.107423666,-0.7838787129,1.966963957,1.335820654,-1.195777329,2.0963532,1.878445994,2.634191966,1.138098427,1.529104752,1.231572004,0.6151745374,0.4273134418,0,0.4578245129,1.586368015,1.79815518,-0.3991385059,0.3879367926,1.191123077
12/31/2024,-0.1078159667,-1.52230685,0,-0.236367275,-0.9728435548,-0.3485024372,-0.5210928391,-0.02790530145,0.1182165947,1.307746329,2.348195435,0.1591304928,0.2361070783,0.5323034119,0.2121715009,0.05364094345,1.334290251,-0.02684556462,0.1181485429,0,-0.1817939147,-0.632229421,-0.0340837759,-0.00974258656,-0.005479732438,-0.02152551752,0.007517077002,0.5183944712,-3.039961354,-1.763007333,-0.03399045661,-0.03791164982,-0.3942374477,-1.091154089,-0.08036639632,0.0776395479,0,-0.8850033802,-0.1207458635,0.7905015109,-0.03531048676,-0.5403831965,-0.1364639665,-0.1565158879,-0.06872275945,-0.3114365935,-0.1995886504,-0.03975281668,-0.1079746123,0,0,0.3929252944,-1.179174193,0.159916308,0.5395020119,-0.4333004737
1/31/2025,-0.6006954306,-0.2023767596,0,0.5573366667,-0.7873562818,0.2115987851,-0.003846095327,1.016635629,0.4164657054,0.3086752183,5.979325219,0.2704687326,-0.07183378138,3.195711086,0.2823261548,-1.227169792,1.692695593,-0.1878173678,-0.2112655977,0.9750071768,0.2754163226,1.119427289,0.3973322752,0.118752572,0.4930783533,1.865459095,0.01127476797,0.3185611537,-2.279425752,2.52891502,-0.4361893695,1.167546146,-1.009947472,0.03533553895,0.5999439225,-2.098315419,-0.000001143849,0.5754324282,0.7804572479,0.4532090041,-0.6898969677,0.9513125404,0.7458209071,1.277304739,2.355919401,1.05847157,0.2197161507,0.7129541016,2.474100377,-0.09381989076,0.000638883931,1.123636489,0.5515181929,4.979140025,6.249338618,0.06228842113
2/28/2025,0.1731036264,-0.6617690019,3.105238893,0.1448819667,0.6891262921,0.02850656611,0.1258003368,-0.064197502,0.5305910931,0.1031736559,0,1.585014866,1.108887936,1.336521689,0.2729105237,0.5776170681,1.285281154,0.01924962581,0.7785563312,-0.06584375127,0.5939015428,0.01460844412,0.01468745984,1.281634807,-0.007346757207,0.1715900499,-0.6571793068,1.463585802,2.070981457,2.548781953,-0.2651793144,-0.6431889036,-0.4496739021,3.944996951,-0.4783513823,2.435522601,0,0.5701000062,-0.16161041,0.3660332338,0.5401265774,3.712568823,-0.1544913086,0.1955988247,0.1992693528,0.3910186322,0.04656741817,-0.8829548509,0.08899484686,1.442861081,-0.07217293756,0.1521062427,2.913838634,-0.06004824932,0.221780561,1.857300607
3/31/2025,0.4257745919,0.2869329902,0.1668788617,-0.3517175237,0.1413245409,2.531442422,0.5625930546,0.2267549836,0.5099294224,-0.05549670644,-0.9572903387,-0.1380668948,0.02035561449,0.3510350531,3.623746555,-0.4383360113,0.5754279162,0.392560555,-0.1240680695,0.4046890283,0.1388482601,-0.7319473107,-0.1984142632,0.2744098799,0.2668163395,-0.444347667,-2.892203403,0.7442578724,0.6204791111,-0.5076413412,-0.2001693276,0.06885142324,-0.3562347287,1.831635433,-0.1300488316,0.1242923154,0.03994191148,0.3473430765,-0.7023673077,-0.04556842117,-0.3970330129,-0.6272945898,-0.6713794466,-1.48733169,-0.1722731823,-0.2160887917,-0.1990593616,-0.2107504655,-0.05242101288,0.1010743258,0.1399861081,-0.293238518,0.1534118355,-6.478800713,-4.73976932,0.1464769351
4/30/2025,2.313957181,0.8530088297,0,1.930505267,1.405303968,0.9233403254,1.072274408,0.3243793567,3.729533424,0.6430546817,-4.858774498,1.294634508,0.4932423378,-0.1608690349,3.769615971,-0.3075488151,-0.176408802,0.05034872962,0.4049032484,0.1802745078,-0.03885646912,-0.4009919147,0.08389630526,-0.01442494298,-0.07500343856,-0.08403328836,0.03545721669,-0.1362794941,2.052113577,-9.084012087,0.9769772037,-0.05729776207,0.03303109874,2.321204015,0.009978920355,0.8982368977,0.1441470409,0.1450980874,-0.1821452921,0.03916785714,-0.04858770077,-0.6251239003,-0.174054876,-0.3111151068,-0.3512620653,0.2770701071,0.1367174568,-0.05415276068,0.08719274235,0,-0.005392976002,-0.04268301663,0.7342204957,-0.3799830106,-0.8905244558,0.1590725458
5/31/2025,-0.6044319269,-0.02739701988,0,-0.8735344032,1.177446013,-0.7196612049,-0.1007406479,-0.062069567,0.1458123413,0.1416251324,-0.08575380304,0.2367335233,-0.4950934359,0.2947061521,1.267520881,-1.036233211,-0.04851637891,0.07294652548,0.8309637625,0.579247361,-0.8302801265,-2.559285506,-0.577699498,-0.1591847217,-0.09040780698,-1.395205529,0.3019099864,0.723371703,-0.0862215173,-0.9857004129,-0.4922238249,2.039049703,0.302293176,-2.181511917,0.2701544866,-0.3020175511,0.3556839725,-0.1031161765,-2.013419846,-0.1113135264,-0.05588466678,-1.981535399,-0.000730462813,-2.629158211,-1.515544116,-1.28917249,-0.5783135734,-0.6228673474,-0.5146982036,0,0.1712245136,-0.9500864011,-1.583776339,-1.580440766,-0.7718363981,-0.2628275539
6/30/2025,-1.438835441,-1.062644466,10.79851537,-0.97413795,-1.836666537,-1.04686764,-0.08137855933,0.1659182726,0.6193585274,-0.03575179677,2.769660011,0.3914284147,-0.5992175913,0.1911647541,0.1730904516,-0.5289212253,-0.6635216789,0.4602665401,0.3680609079,0.2143533414,-0.6380849477,-1.445787421,-0.321631963,-0.08629150546,0.3173955036,-0.6584753706,0.007764502597,1.417487899,-0.3565044961,1.382185911,-0.3158305326,1.096077284,-0.1396488993,-0.6252369105,-0.2286136621,-0.522445956,1.544161621,-0.9106390554,-1.112096635,-0.2065384646,-0.177137302,-1.176618347,-1.016745293,-1.196081079,-0.5075387656,-0.7585594717,-0.3221625424,-0.3599597344,-0.2391009738,0,0.1531818209,-0.5936284375,-2.286393145,-0.1804081845,-0.08187121218,-0.5894860505
7/31/2025,0.2811471617,-0.0344402972,0,-2.942162934,0.340026131,-2.056125318,0.06662124072,0.8271130098,0.7736962352,-0.000738814587,0.9054128057,0.07373824391,-0.6880300116,0.1481369228,0.1458219341,-1.06525114,-1.474677704,1.528744951,-0.1869966161,1.407969537,-0.5598056976,-1.585741597,-0.3532349502,-0.09296867106,-0.05252900631,-0.9587395255,-1.171079976,0.000358225267,0.960770461,0.7738285358,0.09928830006,0.2832071171,-1.22720275,0.4929247093,0.01470538198,-0.6445481517,0.09084408734,0.3167186204,-1.210578659,-0.3179952811,0.07141215851,0.4026014782,-1.13286135,-1.267438968,-0.4094441792,-0.8544814619,-0.3497372734,-0.3611483672,-0.2630212467,0.02446770533,0.2965705598,-0.6901668151,-0.1971147084,0.1994680007,1.417593816,-0.2349233297
8/31/2025,-1.342237035,-0.7394821235,0.004654541959,0.5089933922,0.1227165053,0.1792377808,-0.126019809,0.9514807086,-0.02402194461,0.05140183547,0.3168287628,0.2367337342,0.1665390514,1.046270889,2.855277605,-0.6011714414,-0.01785380406,0.3969002733,-0.05640285412,0.1404187505,-1.630367339,0.4697226065,0.7513315824,-0.1232666728,-0.107327072,0.08261430524,0,0.01204305338,1.346301669,-0.3523612248,-0.02752799232,-0.4790310907,-1.158246638,2.982456108,-0.01347647078,0.7655031701,0.4011394808,-0.1845387702,0.1311991765,0.5146457776,5.55825037,-0.3736605029,0.1447066437,0.1470746252,1.129318067,0.04651580389,0.06482937705,0.01376874367,0.003671285642,0,0,0.2947570267,-0.3481188786,0.03270478115,0.1202001252,0.1794024215